111111,Lucas,González,lucasgonzalez@example.com
123456,Sofía,Rodríguez,sofiarodriguez@example.com
156421,Mateo,López,mateolopez@example.com
222222,Catalina,Fernández,catalinafernandez@example.com
234567,Leandro,García,leandrogarcia@example.com
333333,Valentina,Martínez,valentinamartinez@example.com
345678,Juan,Pérez,juanperez@example.com
444444,Abril,Ramírez,abrilramirez@example.com
456789,Agustín,Sánchez,agustinsanchez@example.com
543210,Milagros,Rojas,milagrosrojas@example.com
555555,Manuel,Mendoza,manuelmendoza@example.com
567890,María,Benítez,mariabenitez@example.com
654321,Francisco,Gómez,franciscogomez@example.com
666666,Camila,Morales,camilamorales@example.com
765432,Joaquín,Sosa,joaquinsosa@example.com
777777,Martina,Castro,martinacastro@example.com
876543,Emilio,Acosta,emilioacosta@example.com
888888,Mía,Moreno,miamoreno@example.com
987654,Tomás,Ferrari,tomasferrari@example.com
999998,Emilia,Peralta,emiliaperalta@example.com